394180849,Female,2011-02-08,DAVID,BUMPASS,7291 Victoria Ave,Unit-196,San Diego,DL85AB,54819928579,41367074409,884790010@hortonworks.com,81710692263988
888663321,Male,2011-02-08,FRANK,FRY,3387 McFarren's Lane,Unit-748,Elk Grove,BT456AB,66656408565,20288251595,412204555@hortonworks.com,31915495770081
618425493,Male,1989-02-08,ALBERTO,RODRIGUEZ,1109 Afton Ave,Unit-369,Colorado Springs,BD14AB,57461182522,38213807011,375468972@gmail.com,70023075869153
62372899,Male,1993-02-08,BILLY,LUNSFORD,3369 Brooke Ave,Unit-677,Louisville/Jefferson County (balance),TN109AB,42955513423,65727792236,400631084@gmail.com,97633574880450
329029559,Female,2009-02-08,SARA,ATMA,5444 Norfolk Ave,Unit-934,North Las Vegas,B643AB,42236294142,92337204604,742612203@gmail.com,49245539740071
387319382,Male,1964-02-08,ANNMARIE,MOSEBACH,9273 Arnold Ave,Unit-114,New York,EX128AB,45038551713,89393052261,360950940@hortonworks.com,54638366913752
323516013,Male,1956-02-08,MARVEL,WOLLAN,7309 College St,Unit-603,Philadelphia,RG107AB,75771021992,54477781422,681398766@gmail.com,5939066550012
153998228,Female,1992-02-08,SUSAN,GREGG,8654 Woolsley St  ,Unit-246,Scottsdale,HA61AB,13335915243,15593413929,945711709@hortonworks.com,3751905709591
970172987,Male,1986-02-08,MICHAEL,SCHERBARTH,2796 Duchess St,Unit-700,San Diego,LA239AB,50685036728,16037765670,301981260@hortonworks.com,55221621007112
443253250,Female,1984-02-08,ADAM,SODHI,8689 Scarth Rd  ,Unit-314,New York,WA125AB,32336333125,71768228976,37848893@hortonworks.com,69710587500927
96572677,Female,1975-02-08,MEAGAN,WOLNIK,9469 McAlpine St,Unit-1,New York,M343AB,99955847081,45235324561,608947420@hortonworks.com,72118303167052
957384306,Female,1974-02-08,HAROLD,HENRY,5562 O'Keefe Lane,Unit-809,New York,KA64AB,16198209603,39527751094,364913231@hortonworks.com,8461314793161
113075326,Male,2011-02-08,MEGHAN,EWING,1472 Gildersleeve Pl,Unit-163,Sterling Heights,DE126AB,32241851032,25047022996,125313090@gmail.com,37646471628553
619235063,Male,1982-02-08,ERIC,KET,4024 South Dr  ,Unit-996,Detroit,BS808AB,26541167361,35808079544,7829211@gmail.com,10503777626039
617538270,Male,1991-02-08,SUSAN,SPILLERS,2313 Blevins St,Unit-223,Portland,EH454AB,37697737178,97433668663,161046377@gmail.com,78830141611688
441310844,Female,1959-02-08,GREGORY,SCHIAPPA,2166 Allen Ave,Unit-278,San Jose,M268AB,53961502002,74021448912,304184874@gmail.com,68428572218365
403730076,Male,1949-02-08,CHRISTINA,ARMITAGE,357 High Park Rd,Unit-689,Fontana,IV451AB,14612171294,45894403994,226123041@hortonworks.com,75127026919000
164576545,Female,1978-02-08,BRADLEY,BOSTON,6375 Battye Ave,Unit-882,San Antonio,SW35AB,3173257902,55422979979,646052924@hortonworks.com,67761436995529
951449753,Female,1983-02-08,BETTY,RENKO,2005 Ancroft Pl,Unit-708,San Jose,TR244AB,66764743089,83004233707,88113218@gmail.com,7107142779436
166284638,Female,2003-02-08,FRANCES,JOANIS,1494 Avenue Lane,Unit-383,Nashville-Davidson (balance),TQ45AB,20619911402,40352696745,672342869@hortonworks.com,14743335999844
150431038,Male,1950-02-08,WILLARD,KLOHE,7580 South St,Unit-820,Charlotte,G816AB,21365048163,9306974403,974299296@gmail.com,50834528575089
138283250,Male,1980-02-08,CLARIBEL,GARCIA,1167 Alice St,Unit-562,Salt Lake City,CV122AB,18509364848,49771694570,355684752@hortonworks.com,84813809683702
676271765,Female,2011-02-08,JULIANNA,PAYSINGER,4892 Pembroke Pl,Unit-787,New York,NG77AB,17804341493,79838193576,418325070@hortonworks.com,67952025450763
33754314,Male,1972-02-08,TRAVIS,PETROSSIAN,3392 Campbell St,Unit-88,New York,WR75AB,15684186954,46735994455,483843808@gmail.com,41797308085535
384368309,Female,1979-02-08,THOMAS,GONZALEZ,5514 Don Mills Rd,Unit-11,Plano,W1A2AB,17106188062,69344979153,251376257@gmail.com,41469323806338
783931810,Female,2009-02-08,IRENE,HARRISON,6261 Battye Ave,Unit-543,New York,W129AB,45945255872,48006238455,35666583@hortonworks.com,77792741388591
22385111,Male,2004-02-08,RAYMOND,KASTENS,8741 Gerrard St E,Unit-35,Phoenix,CF919AB,81979433836,17764308781,237892055@hortonworks.com,7254015671956
285050071,Female,1949-02-08,RALPH,DELANGEL,8893 Goulding St,Unit-266,Boston,BH18AB,83205839952,15678191222,951558164@hortonworks.com,23766162862529
171849279,Female,2012-02-08,DELORSE,HEININGER,8257 Simcoe Tr,Unit-614,Philadelphia,W94AB,77728645056,74378321753,855808111@hortonworks.com,31225776966014
153172180,Female,2006-02-08,TERRY,BENASSI,2575 Sully St,Unit-544,New York,BS73AB,34023801201,78999152685,798490814@hortonworks.com,80846519187814
6856266,Male,1984-02-08,MARIAN,WREEDE,6483 Wilton Ave,Unit-886,Peoria,LL217AB,43716877889,49609448640,721330726@gmail.com,82253754635976
750348433,Male,1969-02-08,BRIAN,RAY,7079 Chapel St,Unit-618,Denton,DN103AB,75673756432,36145046861,829543669@gmail.com,22324493162935
175944629,Female,1998-02-08,BRIAN,BOLSTER,1631 Arnold Ave,Unit-108,Memphis,AL33AB,85625835211,38131062479,158242162@gmail.com,50757013681988
979354887,Male,1979-02-08,JERRI,SHORT,7196 Campbell St,Unit-40,Los Angeles,HD610AB,90024001115,86133421795,937973895@hortonworks.com,16354663794432
998865864,Female,1943-02-08,MIKE,BARBER,2448 Pape Ave,Unit-486,New York,NN26AB,38408454923,47111569174,411737469@gmail.com,63008129063316
347961988,Male,1961-02-08,JOSHUA,XUE,4446 Woolsley St  ,Unit-843,Salem,LL694AB,43033419143,40847295641,5818843@hortonworks.com,19360538769734
467559323,Male,2004-02-08,THOMAS,LEVENSON,5660 Terauley St,Unit-583,Shreveport,CV222AB,49898803467,79426679759,6792272@gmail.com,41139867487593
802783270,Female,2002-02-08,MICHAEL,WARREN,8995 Munn's Lane,Unit-60,Albuquerque,TR273AB,60033155931,67024733870,147029692@gmail.com,90142874312811
38332200,Male,1957-02-08,BERT,TROOP,1108 Water St,Unit-806,New York,NE357AB,35164439540,22005111301,751062011@gmail.com,58855084082868
832954139,Female,1990-02-08,DUSTY,WERSHEY,6769 Elliot St,Unit-61,San Antonio,DG88AB,46638382637,84639302607,345136270@hortonworks.com,74691097422641
586828607,Male,2011-02-08,CYNTHIA,PARRISH,9575 North St,Unit-478,Raleigh,PH134AB,51566022996,89342581436,882312334@gmail.com,42839648952487
343390731,Female,1967-02-08,TIMOTHY,FINSTAD,6747 Dearbourne Rd,Unit-233,Charlotte,IP218AB,53834698499,38236353114,985442980@gmail.com,11697785494482
27959721,Male,1949-02-08,DOROTHY,WAGER,8319 Dearbourne Rd,Unit-995,Pittsburgh,WC2A4AB,44489523951,71939041529,860380789@gmail.com,69878528612772
796578849,Male,2003-02-08,ROBIN,STURK,3472 McMillan Ave,Unit-483,Plano,PH315AB,98164564305,9092852392,781756179@hortonworks.com,8776368323965
855539008,Female,1952-02-08,ADRIENNE,ANDO,9293 Smith St,Unit-558,Philadelphia,SA625AB,13785577074,39854353479,303669720@hortonworks.com,9675027313513
125542981,Female,1990-02-08,TATIANA,OLINSKY,9738 Osler St,Unit-81,Baltimore,EN13AB,41538619186,25086454922,597642786@gmail.com,39381847493996
27022528,Female,1998-02-08,SYLVESTER,QUINONES,5061 Park Rd  ,Unit-993,Washington,EX810AB,50981406085,51487215147,570170442@hortonworks.com,63373093241283
914845388,Male,1955-02-08,JERRY,PETTIT,4488 Woolsley St  ,Unit-331,Glendale,CA955AB,23666763324,65606905403,662219899@gmail.com,10434748144468
937474321,Female,2007-02-08,LORENA,HOLTZ,7413 South Dr  ,Unit-151,Toledo,BN187AB,97079983439,17192409424,483018672@gmail.com,47782844605552
351965284,Female,1973-02-08,ERMA,BERRY,890 St. Vincent St,Unit-571,Boston,GL560AB,77574323370,76337913442,680475989@gmail.com,50648138124788
567316865,Female,1989-02-08,NANCY,HOUSE,3674 Avenue St,Unit-389,Anchorage municipality,BT719AB,71111722093,68201391924,700581195@hortonworks.com,7530907607627
44798076,Male,2012-02-08,MIKE,HILL,9624 Queen St Ave,Unit-11,San Jose,SK164AB,52467855542,12611377323,338123128@hortonworks.com,69557749529221
650986615,Male,2009-02-08,TIMOTHY,WEST,5704 Central Row,Unit-633,Albuquerque,W33AB,19493411163,80431222318,231073802@gmail.com,79583012292391
27694703,Male,1997-02-08,LACY,KELSEY,2364 Walnut Ave  ,Unit-902,Charleston,IV183AB,41546041430,39937251649,700980584@hortonworks.com,37255277615034
363844621,Female,1935-02-08,WILLIAM,HARNOS,6601 University St,Unit-526,Detroit,SW206AB,3588962393,35436734295,591710383@gmail.com,36797178282865
989281032,Female,1975-02-08,NATASHA,MANTER,434 Campbell St,Unit-532,Los Angeles,IV58AB,31163651490,17018024059,8889544@hortonworks.com,34824762103468
29792223,Male,2009-02-08,EVERETT,WILSON,94 Dresden St,Unit-155,Dallas,EC3P6AB,1913145133,44941089160,112383434@gmail.com,3274329397576
333757350,Female,1950-02-08,WILLA,KATCSMORAK,3689 Winchester St  ,Unit-560,Providence,LE114AB,83096751236,48016743908,364159216@hortonworks.com,25482175863511
346941823,Male,1952-02-08,PETER,RONDA,7630 Munn's Lane,Unit-863,Washington,FK165AB,98557714361,58929658061,883875740@gmail.com,25553434150743
463977919,Male,1969-02-08,PAUL,CORP,4572 Wilton Cr,Unit-177,Stamford,SG81AB,62556655125,96075401932,814544132@hortonworks.com,96417985978485
634692740,Female,1948-02-08,CHARLES,HERBST,8163 Harris St,Unit-635,Wichita,IM73AB,38193382319,90892217850,850603164@gmail.com,54144189135272
252070625,Female,1926-02-08,MICHELE,SAUNDERS,2369 O'Keefe Lane,Unit-606,Omaha,W58AB,61828193139,66047081050,330752627@gmail.com,21342972195455
598462134,Male,1947-02-08,DESIREE,HATFIELD,5631 Howard Park Ave,Unit-581,Oakland,CR01AB,67385955138,26658385579,547888992@hortonworks.com,42364014288561
378476690,Female,1994-02-08,QUINN,BROWN,2666 Osler St,Unit-425,Huntington Beach,SA55AB,69655545063,51549643306,178486692@gmail.com,93737167757436
115321019,Male,1967-02-08,JANICE,BENSON,9133 Chestnut Pl,Unit-984,Los Angeles,GY94AB,90396897335,96751546625,983769201@gmail.com,48843743041126
438470471,Female,1974-02-08,JOLANDA,MALDONADO,6996 Scarth Rd  ,Unit-229,Fort Lauderdale,BT319AB,36374517459,48211917931,185013034@hortonworks.com,80801817618424
538685347,Female,1985-02-08,ARLINE,CRESSELL,801 Harris St,Unit-443,Hialeah,W1K7AB,63315888134,85975871455,165329208@hortonworks.com,12550083348028
31949335,Female,1969-02-08,WILLIAM,SIMON,7682 Scarth Rd  ,Unit-122,Grand Prairie,GU78AB,84621398329,46865655549,400265248@gmail.com,48114559041235
21612169,Female,1999-02-08,ALEXANDER,BEAGAN,6358 Collier St,Unit-592,Chicago,GL172AB,90135358110,97791906010,769571814@gmail.com,44042437603124
347363612,Female,1929-02-08,CURTIS,KIRCHMEIER,2875 Eastern Pl,Unit-537,Los Angeles,AL27AB,15906884481,56832843508,652477588@hortonworks.com,4987709578154
362150882,Male,1990-02-08,CHARLES,BLOMMEL,3395 Lansdowne Ave,Unit-903,Phoenix,TR910AB,26837666022,24055257393,458816288@hortonworks.com,12432647436121
702576625,Male,1990-02-08,CHRISTOPHER,RAMIREZ,6788 Howard Ave,Unit-899,Houston,BT229AB,62725796588,93932157349,498349481@hortonworks.com,20529667434404
865099546,Male,1942-02-08,JOSEPH,MCMILLIAN,2311 Blong Ave,Unit-65,New York,HS89AB,78187608483,69573733253,340628842@hortonworks.com,78047998392449
60554803,Female,1952-02-08,JUDY,SHAW,129 Radcliffe Ave,Unit-605,Laredo,IV86AB,36541756939,91177673404,67741828@hortonworks.com,60409399214418
725216283,Male,1950-02-08,FRANK,BREWER,4977 Fife St,Unit-460,Los Angeles,NR110AB,49832554005,81977819618,72284318@gmail.com,20797349495945
771687862,Male,1988-02-08,KAREN,COLE,5719 Dunedin Ave,Unit-848,Oceanside,SN998AB,21331674891,57734017530,302904139@hortonworks.com,943241450933
430235755,Female,1977-02-08,SARAH,BROWERS,6077 Goulding St,Unit-203,Chandler,HU110AB,85901556776,36449309277,109759062@hortonworks.com,14240242694344
636199076,Male,1991-02-08,DENNIS,HOWELL,4319 Clarence,Unit-768,New York,CH661AB,62885175010,77187804975,92233150@gmail.com,24170161116889
681740714,Male,1969-02-08,EDWARD,DAVIS,2155 Walker Lane,Unit-274,Simi Valley,HR58AB,25518187926,25713468608,601255107@gmail.com,95359377187593
847825620,Male,1992-02-08,GENOVEVA,WEEGAR,5641 McMillan Ave,Unit-437,Irvine,KY109AB,38433902913,53894306375,798562553@hortonworks.com,82916639520142
336838641,Male,2002-02-08,DIANA,ERICSON,3346 Center Rd,Unit-234,New York,EH423AB,19221996511,50239388116,425255627@hortonworks.com,80035943638967
533028987,Female,2009-02-08,RUBEN,GANLEY,9560 Kingsford Ave,Unit-172,New York,NE159AB,14395663803,82268054884,681984137@gmail.com,54182705580995
869593452,Female,2011-02-08,JAMES,ROTHFELD,2819 Franklin St,Unit-16,Santa Clara,CA119AB,13144184888,42183668250,873111570@hortonworks.com,74228303269006
828435495,Male,1992-02-08,OLGA,HODGE,2521 Cawthra Ave,Unit-687,Arlington,DE245AB,68688488695,80586439440,717199997@hortonworks.com,62517602492535
850662289,Female,1970-02-08,SHARON,SMITH,8897 Maplewood Ave,Unit-302,Kansas City,ME99AB,84511796919,22732498864,476159567@gmail.com,30853646832255
18426858,Male,1989-02-08,TERI,SUGALSKI,4135 Audley Ave,Unit-567,New York,HA75AB,16929583348,54998949160,305406134@hortonworks.com,84383953363783
947787388,Male,2010-02-08,CHARLES,SHIBUYA,4888 Sully St,Unit-982,Lincoln,M145AB,93015736366,60166927301,477371149@hortonworks.com,2372878476830
935940849,Female,1944-02-08,NANCY,HOGAN,8985 Price Lane,Unit-587,Chicago,B83AB,32534144881,43447343874,380707193@hortonworks.com,2984417645662
945193020,Male,2005-02-08,DARRYL,FERGUSON,1595 Price Lane,Unit-196,El Paso,TQ58AB,52617714873,61246591153,447533143@gmail.com,39078529486780
646452028,Female,1949-02-08,TERI,SCOTT,8609 Parkman Ave,Unit-351,San Diego,NE122AB,79179041091,89871605778,411062561@hortonworks.com,44949952939773
282437519,Male,1962-02-08,EVON,JAMES,7541 Dresden St,Unit-451,Philadelphia,GU110AB,74249523823,96366703427,545959294@gmail.com,83085896907277
717182559,Female,1973-02-08,DIANE,GOEHRINGER,8692 Terauley St,Unit-770,Dallas,CM35AB,62896447462,98296677239,793763667@gmail.com,84834984189981
613470382,Female,1989-02-08,JOSHUA,COCHENOUR,1874 University Ave  ,Unit-334,Atlanta,DT100AB,29089637184,25013316907,925733309@hortonworks.com,8027232052609
768893096,Female,2009-02-08,ANNETTE,ENAMORADO,6447 Stanley Barracks,Unit-870,Dallas,TW132AB,94132246877,17105069717,145442433@hortonworks.com,751066256822
883844447,Male,1993-02-08,STEPHEN,PASTORE,4968 Walter St,Unit-290,Riverside,WD175AB,82642296826,26361956398,783482897@hortonworks.com,54449073896985
292183758,Male,1972-02-08,CHARLES,PLEASANTON,3193 Wilton Cr,Unit-430,Nashville-Davidson (balance),CH33AB,34854457014,33732958826,986611246@gmail.com,38365047874714
429333153,Male,2009-02-08,KATHLEEN,BISHOP,1733 Victoria Lane,Unit-998,New York,TW42AB,49423898829,84784611653,553685235@hortonworks.com,10912732348163
67295169,Female,2000-02-08,ALICE,CASSADAY,7126 Follis Ave,Unit-960,New York,EH546AB,65546404473,17296095333,320733785@gmail.com,5536482991983
59232873,Male,1988-02-08,CHRISTOPHER,TESLOW,2600 McFarren's Lane,Unit-816,Phoenix,EH113AB,18441813662,80649993782,747503681@hortonworks.com,90797866403876
853439587,Male,1949-02-08,TANISHA,CALAMARI,1294 Rachael Pl,Unit-496,Tallahassee,TS219AB,27269882437,96606453476,607827480@gmail.com,44960549493706
358990332,Female,1956-02-08,CHRISTOPHER,SHAO,7223 Saurin St,Unit-817,Phoenix,CT5010AB,99285755953,36022068647,936155620@hortonworks.com,54809172191080
848012105,Female,2000-02-08,ANDREW,GLAY,1753 Kingsford Ave,Unit-746,New York,LL443AB,59403101423,61211532429,632597020@gmail.com,78694805307360
515235094,Male,1979-02-08,ELLA,LAMBKA,5856 McFarren's Lane,Unit-903,Sioux Falls,SE93AB,39004254449,65582019136,378811693@gmail.com,29186275888015
414731935,Male,1973-02-08,CHRISTINE,COLLETT,931 Louise St,Unit-50,Tallahassee,DD42AB,83098657199,97804327893,767099102@hortonworks.com,6051371891287
822517137,Male,2000-02-08,CHERYL,OROURKE,3442 Lake St,Unit-500,Oxnard,TA249AB,59653267168,82488483384,795026188@hortonworks.com,69616666529070
582063764,Male,1989-02-08,DONNA,ORES,1179 Blair St,Unit-686,Los Angeles,IM42AB,80386191802,74563156820,127938538@hortonworks.com,94781415105971
713249499,Male,2003-02-08,KATHLEEN,QURAISHI,1382 Victoria Lane,Unit-339,New York,WR105AB,66539956757,94231052702,781698727@gmail.com,20851773692471
810269192,Male,1997-02-08,CHRISTOPHER,BATES,3524 Pape Ave,Unit-999,Honolulu CDP,DT85AB,19095128074,35975069470,127995441@hortonworks.com,24997691468130
5476003,Female,2002-02-08,KRISTEN,HIDAY,2017 McFarren's Lane,Unit-817,New York,IV317AB,77121251030,44672194624,374567139@hortonworks.com,22026195070775
528838249,Male,2010-02-08,RUSSEL,MERCER,6613 Terauley St,Unit-868,Fort Wayne,BD993AB,73332139443,27704947402,922683941@gmail.com,93218803787610
137224065,Female,1960-02-08,CHARLEY,MARTIN,787 Agnes St,Unit-437,Chandler,S499AB,20775473719,33302394596,254231707@hortonworks.com,7680058924176
943250988,Female,1972-02-08,MELANIE,SHIREY,852 Saurin St,Unit-998,Springfield,NR49AB,89798616382,15235487600,250741834@hortonworks.com,70181334187109
420362574,Male,1993-02-08,JANA,DELETTRE,1101 Strange St,Unit-837,New York,BB55AB,59044384033,93353711279,96710557@gmail.com,54484436416630
610719156,Male,1977-02-08,JUDITH,STOKKE,2741 Franklin St,Unit-555,Oakland,HP227AB,49702923064,50392997724,169551683@hortonworks.com,6129268504699
814214853,Female,1952-02-08,MARY,RAMELLI,6889 Woolsley St,Unit-893,New York,LS191AB,76765874648,47216585063,568526256@gmail.com,23669978834783
285957944,Male,1982-02-08,CLAIRE,AUSTIN,4410 South St,Unit-618,San Diego,LD61AB,76472611728,23504027501,184993117@gmail.com,52344064079163
718176702,Female,2001-02-08,PATRICIA,PEQUES,7862 Hogarth Rd,Unit-410,New York,DY103AB,93802259328,80134972861,466323863@hortonworks.com,49158594689722
536437817,Female,1995-02-08,ANGELA,BASTICK,3338 University St,Unit-981,Phoenix,SL78AB,39061467221,71547781249,275826344@gmail.com,3378064918153
284489506,Female,1980-02-08,EMILY,WYLIE,2454 Munn's Lane,Unit-892,New York,BN139AB,47527768153,71054859886,501019956@gmail.com,21398311701527
627466417,Male,1990-02-08,LISA,WENGLER,7280 Chapel St,Unit-769,Cleveland,SY43AB,10836408247,71889426528,312607000@gmail.com,9990749249149
749818442,Male,1972-02-08,JERRI,SPANICEK,3472 Wilton Cr,Unit-897,Scottsdale,LL553AB,95973852384,60411013934,226483227@hortonworks.com,16901258666648
175650549,Male,1954-02-08,TYLER,ZAGAMI,9383 Lindsay Ave,Unit-399,Little Rock,KW156AB,65519419808,83989073929,371132149@gmail.com,12788344453239
287585741,Male,2011-02-08,PAM,BAUMGARTEL,1433 Clarence,Unit-468,Las Vegas,B87AB,91766307751,80547116643,612745963@gmail.com,23484672208084
73688244,Female,1949-02-08,ANNIE,WALDE,8495 Bowman St,Unit-367,Stamford,KT127AB,65249153339,84771772996,440417601@hortonworks.com,46566474381706
87799049,Female,2005-02-08,GEORGIA,GOEHRING,597 Wilson St,Unit-156,San Diego,DN54AB,76601256557,23034191050,763747081@hortonworks.com,11215223408378
182640898,Male,2003-02-08,RAYMOND,LANG,9676 Steiner St,Unit-372,McAllen,DN361AB,49197629542,34173189273,25206405@gmail.com,65355904055433
699294848,Female,2009-02-08,LYDIA,SHIDER,2703 Beau St,Unit-114,San Diego,KA51AB,46624739986,78312372335,279606274@gmail.com,99056279325429
295835492,Male,1990-02-08,JENNA,SPAW,9901 Albert Lane,Unit-262,Jacksonville,GU271AB,14216578911,20666097497,143008758@gmail.com,38171476747113
537836973,Female,2008-02-08,SANDI,SCELSI,3387 Terauley St,Unit-779,Dallas,BD93AB,38348435602,26039352198,763429444@gmail.com,67218374391109
870446887,Male,2010-02-08,CARL,GRIM,3954 Empress Cr,Unit-325,San Diego,N53AB,32708954957,36962835911,215672937@hortonworks.com,65464088446281
717870188,Male,1995-02-08,FRANK,SMITH,6311 Munn's Lane,Unit-637,Lincoln,MK421AB,85375385043,89811721867,972645330@gmail.com,65212856692698
29710200,Female,1943-02-08,KATHE,BURCH,5526 Gerrard St E,Unit-401,Jersey City,IP275AB,2583455120,35718416718,355487610@gmail.com,66275904707148
49828856,Male,2009-02-08,MICHAEL,REELS,9969 Laburnam Ave,Unit-567,Springfield,CM83AB,95759916911,98588658744,114873458@gmail.com,65608504137129
334713258,Male,1944-02-08,THOMAS,MOORE,8502 Rachael Pl,Unit-335,San Diego,B604AB,32603694389,15349527665,545815465@gmail.com,86098594879258
300560682,Female,1986-02-08,JOHN,ALEXANDER,2211 Rose Ave,Unit-269,Philadelphia,B422AB,1133189860,84373781677,788323326@gmail.com,13491465498045
824719127,Female,1985-02-08,JANET,AWAD,3445 Cawthra Ave,Unit-255,Philadelphia,L303AB,24498256607,85934379759,216257885@hortonworks.com,75434738720948
680145528,Male,1989-02-08,CANDACE,BRINGARD,7436 Arnold Ave,Unit-272,New York,CT19AB,20447288763,86658589874,66724768@hortonworks.com,21628141345672
828268724,Male,1978-02-08,PAMELA,DIXON,4274 Tiverton Ave,Unit-184,Kansas City,IP181AB,15887468474,65198316118,712351131@hortonworks.com,8906235395628
850469316,Female,2010-02-08,JOHN,KEVORKIAN,1506 Chestnut Pl,Unit-25,Fort Worth,BT619AB,95431663751,21162694363,228789697@hortonworks.com,61331339859502
42713500,Female,1985-02-08,STEVE,RULLI,142 Pullan Pl,Unit-486,Richmond,BT265AB,20121301245,54503056953,159793468@hortonworks.com,56002554850868
95243001,Female,2010-02-08,VIVIAN,MAGEE,9333 Stanley Barracks,Unit-573,Chandler,YO434AB,11317012757,27247869540,632204970@gmail.com,99029422523784
384328210,Male,2008-02-08,MICHAEL,ECKERT,7501 Chestnut Pl,Unit-645,Los Angeles,B408AB,13931545129,45025185682,223203882@hortonworks.com,70190331580301
152636630,Male,1997-02-08,DIANE,VILDOSOLA,184 Lake St,Unit-310,Boston,IV284AB,91591456512,20228502238,232156601@gmail.com,28538724705838
107053755,Male,1991-02-08,MARK,TONNESON,7377 Lindsay Ave,Unit-871,New York,LL785AB,72137361373,39436791181,259411731@hortonworks.com,5184844768340
209718470,Male,1982-02-08,THOMAS,LAVELL,5654 Brooke Ave,Unit-316,New York,BD125AB,89804157043,98968315902,244385080@gmail.com,49038936117174
691120103,Female,1951-02-08,LINDA,PETERSON,2817 Water St,Unit-39,Norfolk,DN322AB,86325767050,90706881163,365277910@gmail.com,29564436817697
560749220,Female,1960-02-08,DANIEL,HOUEY,5364 Woolsley St,Unit-778,Phoenix,NN39AB,41211309042,58392152293,452772237@gmail.com,38751746157422
1799289,Male,1995-02-08,SADE,DOBRUNZ,1555 College Ave,Unit-469,Houston,PA434AB,78351817539,53424821694,820047050@gmail.com,93070804259732
425881303,Male,1979-02-08,HILDA,ROTHFELD,5328 South Dr  ,Unit-992,New York,SK39AB,20039524321,57174653270,661458942@gmail.com,74322539141081
215838494,Female,1995-02-08,JOHN,JARRETT,8860 Center Dr,Unit-23,Denver,DN127AB,97683921698,55253217837,422231120@hortonworks.com,66728281047600
433773228,Female,1966-02-08,DAVID,SERINI,4034 O'Keefe Lane,Unit-444,New York,NG324AB,53061576457,90391185124,791494421@hortonworks.com,45905224407075
20423201,Male,2003-02-08,MURRAY,WHITE,5585 Gerrard St E,Unit-46,Houston,PH377AB,89088844739,80974264323,221024196@gmail.com,53712204232212
266349041,Female,2012-02-08,KRISTIN,TIPPEY,1210 St. Vincent St,Unit-475,Chicago,KW32AB,54119526393,17438386551,122016625@hortonworks.com,17950226311128
578420429,Male,1998-02-08,GARY,GALLAGHER,6402 Blair St,Unit-637,New York,B9310AB,68751653790,73541934010,142248520@gmail.com,902083021020
822212843,Male,1973-02-08,IAN,FRIZZELL,4289 Gerrard St E,Unit-35,Pomona,ST155AB,29182653705,94777095255,175963926@hortonworks.com,85695539100938
765552043,Male,1981-02-08,JANE,GILBERT,3249 Audley Ave,Unit-745,New York,NE4410AB,45965581160,50755038363,8831807@gmail.com,34474224219599
400968394,Female,1992-02-08,LUCILLE,KJOS,7571 South St,Unit-2,Durham,ST189AB,22538389375,64011988187,750317996@gmail.com,77360951674184
175748150,Female,1981-02-08,ALBA,HARBERT,8952 Lake St,Unit-604,San Jose,SE209AB,40556762913,52056016090,455815725@gmail.com,16197505056054
405193794,Male,2000-02-08,CHARLOTTE,RAMSEY,9075 Clyde St,Unit-604,Atlanta,UB38AB,11811483682,44896424103,590877979@gmail.com,52045437219324
396830561,Female,2008-02-08,GREGORY,SCARBERRY,6065 Cawthra Ave,Unit-2,Chicago,BH170AB,46008789415,65276659174,239895784@hortonworks.com,70432298388230
64221236,Male,1962-02-08,CYNTHIA,HALL,92 Clyde St,Unit-406,Los Angeles,SA698AB,28072865596,83405677604,211565971@gmail.com,43327512739223
55576345,Male,1966-02-08,PATRICIA,WEIBEL,5881 Elliot St,Unit-872,New York,G609AB,88302187900,83633546158,443492305@gmail.com,31832465293742
675971848,Female,1983-02-08,JOHN,JOSEPH,2427 Hogarth Rd,Unit-389,Fort Lauderdale,KY146AB,40986507845,49733407201,358263621@gmail.com,98568943457582
131211445,Male,1944-02-08,JUNE,FOGG,2657 North Dr,Unit-726,Pembroke Pines,PO382AB,30493862903,42644368356,73352779@hortonworks.com,637505542814
868095601,Male,1990-02-08,RHONDA,SMITH,8345 Carlton Ave,Unit-604,Jacksonville,IV566AB,68759572928,22766553151,617180122@gmail.com,63921357108184
40584392,Female,1989-02-08,KERRY,DOIEL,8028 Water St,Unit-411,Henderson,TN331AB,72891293046,8723252032,553685320@gmail.com,97346032453929
379566305,Female,1979-02-08,MICHAEL,HERGENRETER,8207 Belford St,Unit-917,Oklahoma City,BN241AB,37317219329,51023469326,667751242@gmail.com,65036143106954
990870074,Male,1990-02-08,HAROLD,JONES,614 Christopher St,Unit-710,Houston,LE146AB,99046648979,18857614249,613823564@gmail.com,41396692632296
861881678,Female,1983-02-08,DEBBIE,LIVINGSTON,796 Avenue St,Unit-325,New York,B649AB,80284722920,73483656547,680069974@gmail.com,33477411606828
102653605,Male,1993-02-08,CHARLES,GRUBA,5822 Parkman Ave,Unit-259,Irvine,DL12AB,17345824375,72673189837,70422667@hortonworks.com,12813203091124
198518495,Male,1968-02-08,MICHAEL,JACKSON,1351 Birtle St,Unit-365,Oklahoma City,TN210AB,97232178564,16901198258,356847966@hortonworks.com,28838057435436
802844259,Male,1951-02-08,JAMIE,LEWIS,856 Walker Lane,Unit-311,Henderson,DE756AB,48457363825,74961284503,4186597@hortonworks.com,37856763255713
845492811,Male,2010-02-08,GERTRUDE,CROOK,2284 Woolsley St  ,Unit-96,Pembroke Pines,TR73AB,76436336909,79625689821,119908597@hortonworks.com,6558983915599
986469484,Male,1989-02-08,LEO,IRENE,9897 Eastern Ave ,Unit-819,Chicago,SK35AB,82736237738,30353959074,831126628@gmail.com,74059821350356
689975273,Male,1992-02-08,NOEL,BENSTON,1601 Hallam St,Unit-169,El Paso,AL42AB,88095071385,65278256444,941211068@hortonworks.com,81451461568636
448198996,Female,1968-02-08,AUDREY,VALLENTINE,4506 Kensington Cr,Unit-363,Minneapolis,OX391AB,36767437562,89409159863,768351246@gmail.com,2850068668054
929811493,Female,2001-02-08,MICHAEL,ALVEN,4016 Woodland Ave,Unit-476,San Antonio,PH185AB,80069033853,71456254756,318405895@hortonworks.com,36922556700485
83648954,Male,1990-02-08,MARK,CLEMENTS,4203 University St,Unit-401,Phoenix,IG47AB,22364603687,46038401863,194387135@hortonworks.com,42877361223039
471597516,Male,1999-02-08,VALERIA,MEIS,9753 Woolsley St  ,Unit-882,Modesto,IM57AB,81035789653,83609162992,894921463@hortonworks.com,29903754870635
360316206,Female,1946-02-08,TERRY,PRICER,2248 McAlpine St,Unit-353,San Francisco,LN54AB,72178441055,15194037990,404031454@gmail.com,34043973786120
348660358,Female,1952-02-08,DEMETRA,MITCHENER,6058 Paul St,Unit-538,Mesa,PL62AB,31221299857,23902044835,224582094@hortonworks.com,41482654243874
557192617,Female,2012-02-08,JOHN,ZIELESCH,1623 Battye Ave,Unit-23,Phoenix,SL38AB,7781057459,40535724631,257735409@hortonworks.com,42237791302828
658593620,Male,2008-02-08,RALPH,BLARE,6391 O'Keefe Lane,Unit-280,Chicago,WS23AB,58573824366,52031061869,180757094@hortonworks.com,23237793824844
27489481,Female,1993-02-08,BLANCA,AUYON,6195 Eastern Pl,Unit-842,Fort Worth,YO263AB,27013899539,82186379778,225519033@hortonworks.com,34768772694384
520198185,Male,1945-02-08,BLANCHE,LOVERICH,2325 Goulding St,Unit-603,Baton Rouge,SG198AB,44435192217,40117289682,510041241@gmail.com,89276661575415
714861996,Female,2007-02-08,JOHN,ANGELILLI,2091 College Ave,Unit-454,Houston,WS154AB,10846371472,34557487447,325417254@hortonworks.com,76508432041477
549977992,Female,1949-02-08,JAMES,TIFFANY,3131 College St,Unit-724,San Antonio,WF40AB,59884401278,55137372592,30466433@hortonworks.com,3976747414865
228063835,Male,1959-02-08,JIMMIE,SALAS,4253 Central Row,Unit-130,New York,EX396AB,76723281360,24315278174,456457154@gmail.com,96732512150850
358340887,Male,2012-02-08,ROBERT,KUSTER,8068 Armour St,Unit-222,Los Angeles,DE218AB,22888686608,59878322006,974244579@hortonworks.com,15429726102879
633581781,Female,2009-02-08,TAMARA,LAI,3204 Cawthra Ave,Unit-511,St. Paul,CO88AB,77092913113,38352692318,626166553@gmail.com,76666775504703
565254552,Female,2005-02-08,FIDEL,OTTUM,6360 Wilton Ave,Unit-766,Irvine,L214AB,25986899010,21315403421,975041832@hortonworks.com,84588895005352
8060447,Male,1964-02-08,URSULA,ROOT,6989 Blair St,Unit-186,New York,PE292AB,63788719215,31862159495,572613783@hortonworks.com,7735867592909
83487512,Male,1999-02-08,MARY,CORTEZ,9869 Howard Ave,Unit-415,Santa Ana,SY157AB,84863258784,93188547044,199783939@hortonworks.com,60119521743015
33467074,Female,1979-02-08,JOAN,HOWELL,3338 East Ave,Unit-604,Mesa,NN133AB,78146948219,66514179148,280978701@gmail.com,70515357628040
430825223,Female,1998-02-08,DALE,JOHNSON,3474 Edmund St,Unit-9,Rancho Cucamonga,EX48AB,57475869668,50411907057,124993013@hortonworks.com,48952536722865
643866406,Male,1989-02-08,INGA,SKINNEN,6994 North Dr,Unit-812,Dallas,LA234AB,86744083892,28666787247,894655076@hortonworks.com,84386901643205
790091236,Female,2001-02-08,CANDICE,BENJAMIN,8128 Hurst Pl,Unit-144,New York,SA401AB,83956557982,78671904505,457655327@gmail.com,32541155552413
401775639,Male,1972-02-08,ERICKA,BURKS,7264 Eastern Pl,Unit-531,Philadelphia,CF391AB,12969319090,77707954126,520884035@gmail.com,77896552972704
616623434,Male,1980-02-08,JEREMY,GELLER,1625 Albert Lane,Unit-215,Phoenix,CF642AB,97214541959,68938478827,700620562@gmail.com,78820786336737
174349459,Female,1988-02-08,MARY,STAUM,748 Wilton Ave,Unit-64,Ontario,NE885AB,14116675113,74415858445,430918897@gmail.com,29816065115489
994855360,Male,1996-02-08,ADRIAN,CRIBBS,2053 Fife St,Unit-57,Grand Prairie,SO451AB,54251426281,67164653011,862532224@gmail.com,99871976858359
366785144,Male,1975-02-08,PEGGY,HARRIS,4264 Park Rd  ,Unit-528,Gilbert town,HP199AB,54372278954,39422362295,154721217@hortonworks.com,30907491981445
22372608,Female,1969-02-08,JORDAN,CLARK,8951 McAlpine St,Unit-660,Virginia Beach,SN95AB,38109056802,29129567387,812289249@gmail.com,5286456639925
627317756,Male,1960-02-08,CARLOS,FORD,2984 Albert Lane,Unit-928,Philadelphia,CA35AB,23371277264,91834132427,970188142@hortonworks.com,1639085520479
462154307,Female,1956-02-08,DAVID,PECORA,7152 College St,Unit-465,Los Angeles,PH248AB,80598904713,30149567046,778039012@hortonworks.com,1236428889700
322195408,Male,2010-02-08,HARRY,CHIARIELLO,8742 Meredith Cr,Unit-559,Memphis,TA179AB,50509839753,17726962619,286910846@gmail.com,1911484734416
914469666,Male,2000-02-08,WILLIAM,RAMIREZ,8327 Walter St,Unit-748,Jacksonville,TQ79AB,55716065449,80062927906,490701487@gmail.com,85246847329877
278784599,Male,1973-02-08,CHARLES,OMO,3559 Goulding St,Unit-236,New York,EH383AB,64926846654,18987962176,424464358@hortonworks.com,93430798071722
8379617,Female,1989-02-08,LYNNE,JAME,5224 East Ave,Unit-579,Oklahoma City,BL74AB,93757566419,93222616393,472024579@gmail.com,86670912907698
300555648,Male,1952-02-08,BRANDON,VAS,3346 Gwynne St,Unit-866,Columbus,RM44AB,51266752932,91977555556,285228659@gmail.com,59769673205024
112393517,Female,1989-02-08,CORNELIUS,FIGUEROA,3599 Tiverton Ave,Unit-867,New York,NE207AB,6607539963,63562567768,967170904@hortonworks.com,2868655389386
949298183,Male,1993-02-08,LUCY,WALKLING,6814 Bowman St,Unit-840,Palmdale,LL548AB,51055649237,86481418138,421740941@gmail.com,19922234191452
64930944,Male,1996-02-08,ANNE,GUTHRIE,6845 Scarth Rd  ,Unit-989,Chicago,CF622AB,90667915929,94722188081,21835592@gmail.com,81088614836892
98016726,Female,1973-02-08,GRETA,PLYMEL,4575 Worts Ave,Unit-765,San Jose,IV363AB,59823517217,94603353118,998579136@gmail.com,93022306015793
424738558,Female,1993-02-08,DIANNA,SAHLI,8321 Park Rd,Unit-495,Phoenix,PR96AB,83431946999,35274194758,203895580@hortonworks.com,96052747967452
753656345,Female,1985-02-08,ALEX,DEBBINS,3439 Harris St,Unit-29,San Jose,TW109AB,69924819861,19774824539,148776758@gmail.com,22233182516449
739912051,Female,1950-02-08,MARSHA,COLON,6364 College St,Unit-402,Stockton,GL1310AB,79652086113,69058158263,469589959@hortonworks.com,73244334395958
64798392,Male,2008-02-08,CHRISTOPHER,BAUMAN,903 Center Rd,Unit-691,Jacksonville,NP227AB,90435003320,75857561450,224768881@hortonworks.com,2137155694222
336973167,Male,1967-02-08,ROBERT,KRAMER,7007 Howard Ave,Unit-563,St. Paul,EC3A1AB,52532512092,10553217761,674231653@gmail.com,7899077760141
99546312,Male,2010-02-08,JANICE,CAREY,4841 Ketchum Ave,Unit-206,San Antonio,WR85AB,24475756409,66315898204,443869518@gmail.com,76828157403897
129451806,Female,1993-02-08,RICHARD,MAZELL,9388 Hurst Pl,Unit-623,San Diego,DD113AB,50606121254,55329371979,227450350@hortonworks.com,29699346728567
644641534,Male,2010-02-08,ANDREW,STUTTGEN,3387 Clarence,Unit-490,Los Angeles,PL328AB,6297652823,93496885888,428280090@gmail.com,58707548428647
946223203,Female,1992-02-08,JOLENE,SANDAHL,8858 Avenue St,Unit-58,New York,RH163AB,32246099096,35585149952,392966651@hortonworks.com,6317147891444
93709442,Male,1997-02-08,STEVE,WILSON,10 South St,Unit-803,New York,FY45AB,96464821033,47903289877,139629255@gmail.com,17983029937247
879150181,Male,1994-02-08,ROBERT,GARZA,2777 Fife St,Unit-790,New York,RH161AB,70254767169,30763786962,732897540@gmail.com,33786266534244
418135420,Female,2002-02-08,DIEGO,MONHOLLEN,8787 Meredith Cr,Unit-974,Oklahoma City,CV510AB,43304826887,27635198534,708043928@gmail.com,92870612324099
149680497,Female,1970-02-08,MARGO,GREEN,4011 Strange St,Unit-888,Arlington,CM49AB,23534931433,83278614488,196592991@hortonworks.com,69762517294136
256730976,Male,1968-02-08,ROBERT,QUERIO,4877 Wilton Ave,Unit-454,Cape Coral,YO263AB,35384243901,37852688034,655751632@hortonworks.com,70499876432073
995949244,Female,1999-02-08,EMILIO,GALLEGOZ,7127 Radenhurst St,Unit-854,New York,SA1510AB,23038618078,69234211219,354003916@gmail.com,49573824699230
57569947,Female,1995-02-08,MICHAEL,COZORT,5179 North Dr,Unit-706,Salem,LL524AB,80821966247,20384138323,15213997@gmail.com,88522102158160
79336353,Male,2010-02-08,MICHAEL,DAOUD,2275 Chestnut Pl,Unit-985,Tucson,CF236AB,21748008883,74327852709,273581359@gmail.com,45158343590637
839854779,Male,1934-02-08,CARMEN,LASANTA,4191 Terauley St,Unit-418,New York,SO1710AB,72441979434,63305415210,841791575@hortonworks.com,7421819441934
909329157,Female,1939-02-08,LAUREN,COOK,1771 Brooke Ave,Unit-317,San Antonio,PO192AB,52734005969,24736834655,544706869@gmail.com,10831807427338
785462886,Female,1982-02-08,LOIS,CHRISTIAN,69 Chestnut Pl,Unit-56,San Diego,B606AB,91898613694,40674943591,620939843@gmail.com,3531206636829
789840043,Female,1971-02-08,JOSHUA,AGUILAR,4373 Barnaby Pl,Unit-663,Cleveland,CF369AB,61017026104,23165324820,944654215@hortonworks.com,67903548473868
256223089,Female,2009-02-08,TERRY,CAPPAS,5873 Blair St,Unit-246,New York,BN85AB,59521735046,32389486809,69936544@gmail.com,32747851264230
783129173,Female,1972-02-08,APRIL,BOONE,2258 Central Row,Unit-212,Lubbock,M448AB,39965182459,39907958578,250082278@hortonworks.com,34995807870813
581572130,Female,1983-02-08,JOSEPH,BREWSTER,1013 Pape Ave,Unit-489,Phoenix,HP194AB,79926739074,73965817142,834140240@hortonworks.com,14955448150375
194582298,Female,2011-02-08,MARILYN,CHATAMPAYA,5682 Howard Park Ave,Unit-232,Cleveland,CO110AB,35214947847,90032893096,693059185@gmail.com,5406596588116
114241264,Female,1982-02-08,SHELLY,FRANCOISE,7887 Gwynne St,Unit-706,Madison,HG44AB,33164442386,86563202427,577780057@gmail.com,89147739946066
76493630,Female,1961-02-08,TINA,TEMPLEMAN,352 South Dr  ,Unit-337,Los Angeles,YO132AB,90069073163,79517855148,561617850@gmail.com,6213212261196
57322935,Male,1998-02-08,JANET,CHAMBERS,8724 Battye Ave,Unit-117,Jacksonville,UB62AB,61795966775,36981683818,969276777@hortonworks.com,89255495029200
25173812,Male,1953-02-08,JUDY,GREBIN,2474 University Ave  ,Unit-850,Houston,N177AB,61506996018,71794067565,444842514@hortonworks.com,58701578909886
559267523,Female,1995-02-08,MILDRED,STEPHAN,7607 McFarren's Lane,Unit-950,New York,SE45AB,34737321075,77791229670,61095115@hortonworks.com,90676757790107
356142950,Female,1983-02-08,MEREDITH,BRUMLOW,6516 St. Vincent St,Unit-740,El Paso,AL92AB,56992554560,88944639313,622486700@hortonworks.com,18902606540175
579460172,Male,1995-02-08,DAVID,THOMPSON,2701 Norfolk Ave,Unit-488,Charlotte,OL94AB,19369055713,17506605663,564127222@hortonworks.com,77510006299699
401628733,Female,1942-02-08,JAMES,THORNTON,653 Belvins St,Unit-638,Lubbock,BT394AB,41934141506,33234804209,99122462@gmail.com,2319285628768
22727698,Female,1977-02-08,JASPER,GANGLUFF,3676 Goulding St,Unit-938,Tucson,HR19AB,68175604951,70833194703,516607598@hortonworks.com,80490642360439
357569630,Male,1950-02-08,MARY,HARRIS,4908 Barnaby Pl,Unit-450,New York,M135AB,67812213355,77696613261,782820673@hortonworks.com,7529455490453
644025571,Female,1990-02-08,JEAN,JOLISSAINT,9325 Hurst Pl,Unit-641,Chicago,AL107AB,75949711829,39068559010,847558984@gmail.com,35630488940116
252723160,Female,1957-02-08,TAMI,WALKER,6998 Broadview Ave,Unit-31,Houston,GL5310AB,71129149800,42744415654,308362824@gmail.com,22345811528290
221654978,Male,1977-02-08,LYNN,GLASGOW,376 Dagmar Ave,Unit-107,Austin,PE96AB,51516598043,70454779905,334769772@gmail.com,13560409988431
296259245,Female,1991-02-08,DIANNE,STENGLE,866 Fife St,Unit-463,New York,IM64AB,92896568344,27895833355,4983837@gmail.com,19760114366601
500759965,Female,1976-02-08,ALEJANDRO,SIMMONS,2494 Lindsay Ave,Unit-392,Pittsburgh,IG77AB,97703003077,50736765143,457302517@hortonworks.com,69576137636405
518178640,Male,1992-02-08,MICHAEL,HART,2907 Steiner St,Unit-393,Grand Prairie,CV52AB,68994999099,48526014363,508646306@hortonworks.com,49590523866782
406654653,Female,1983-02-08,CHRISTOPHER,GRIFFITH,4492 Johnson Lane,Unit-293,Fresno,S76AB,68226309621,73691247520,642533681@gmail.com,64387121778589
429636439,Male,1991-02-08,DAVID,OETKEN,900 Avenue Lane,Unit-973,St. Louis,N56AB,41108654786,27761559582,518845872@gmail.com,75832093025921
26730539,Male,1930-02-08,DAVID,KATOH,6723 St. Vincent St,Unit-888,North Las Vegas,MK135AB,20208216909,41831603753,407724785@hortonworks.com,5568647038092
202620663,Female,2004-02-08,SUSAN,PETERS,626 Scarth Rd  ,Unit-869,Cincinnati,SM48AB,38445989313,93469468331,199947977@hortonworks.com,9710296758232
862393864,Male,1974-02-08,MICHAEL,OVERSTREET,4677 Doel Ave,Unit-901,Memphis,EC5010AB,12528633243,47103601139,896124585@hortonworks.com,59716852114420
868635922,Female,1958-02-08,WILLIAM,ADORNO,5183 Gerrard St E,Unit-858,North Las Vegas,OX261AB,80094321258,30155337492,727055635@gmail.com,8843779559303
850583073,Male,1989-02-08,SANDRA,BROMBEREK,2769 Rachael Pl,Unit-400,North Las Vegas,IV223AB,99794232763,81716854784,307602689@hortonworks.com,85307126514130
38342160,Male,1980-02-08,GEORGE,CLARK,2001 Simcoe Tr,Unit-501,Phoenix,OX200AB,48131193268,36216889278,476408714@gmail.com,49674274053148
654916344,Male,1962-02-08,TIMOTHY,INGALSBE,3319 University St,Unit-327,New York,TN369AB,72056956009,29017143190,723814390@hortonworks.com,36255429664290
638898469,Male,2006-02-08,SALLIE,LEE,2543 South St,Unit-410,Minneapolis,LN99AB,81429879028,36006802647,360314360@hortonworks.com,51689394422086
726319193,Male,1980-02-08,SYLVIA,PRANGE,5739 Ancroft Pl,Unit-364,Durham,BS203AB,90147442106,84474569608,827896560@gmail.com,86182857408760
172161995,Female,1951-02-08,DEBORAH,LOZITO,9711 College Ave,Unit-581,Chicago,SE206AB,40124956141,97145453340,806608627@hortonworks.com,89228854719417
632582169,Female,2008-02-08,DAVID,FRIEDMAN,902 Osler St,Unit-627,New York,AL19AB,66858272687,56732519518,18695120@gmail.com,2338330887281
992091910,Female,1996-02-08,DAVID,LYNCH,7947 Osler St,Unit-322,Memphis,HU184AB,90856433919,28533817558,882649375@gmail.com,55083652064919
157998612,Male,1995-02-08,DIANE,TERLIZZI,5712 Lake St,Unit-688,Chicago,CM23AB,43672118303,98712409245,419523482@hortonworks.com,66494212797374
10158467,Male,2012-02-08,ROBERT,BANKS,1016 Battye Ave,Unit-258,Burbank,NE699AB,62643029752,29353364266,63840501@hortonworks.com,9736240723160
673132502,Female,1989-02-08,TAMARA,JEFFERSON,2874 Allen Ave,Unit-440,Los Angeles,MK34AB,13329815273,18839337083,281452358@hortonworks.com,50870466039055
968357134,Male,1989-02-08,JUDITH,MCLELLAN,2500 Arnold Ave,Unit-918,Hialeah,WA63AB,23513646693,78346181133,146687319@hortonworks.com,22466795064615
272666378,Male,2008-02-08,LONNIE,WHITLEY,850 MacDonald St,Unit-286,Oceanside,EC2P2AB,37993259235,22293467298,281130807@hortonworks.com,35661459742366
861627802,Male,2010-02-08,CHRISTOPHER,ALEXANDER,3983 Kingsford Ave,Unit-403,New York,LD47AB,27798245096,14631889108,806383240@hortonworks.com,93770177409599
184179339,Male,1980-02-08,RAY,VIRE,9014 Woodland Ave,Unit-159,Oklahoma City,DY137AB,13198207592,32412275899,213138606@hortonworks.com,81591177677709
206879077,Female,1980-02-08,TODD,RAYMOND,5926 Avenue St,Unit-639,Los Angeles,TN108AB,84149169805,58713516203,298927709@hortonworks.com,75999285755016
94535121,Female,2005-02-08,GERALDINE,WEINTRAUB,3012 Center Dr,Unit-881,Baton Rouge,SA10AB,27421999722,4207862243,576869627@hortonworks.com,49441584049002
461217647,Female,1978-02-08,DONALD,DOFFING,6242 Mulock Ave,Unit-711,Henderson,BH95AB,94259427069,84521656419,807775290@hortonworks.com,75319106383911
851620255,Male,1980-02-08,NICOLE,EVETT,5296 Doel Ave,Unit-349,Chicago,TW207AB,67471076083,45279629105,557946805@hortonworks.com,69238891669638
7982726,Female,1984-02-08,CAROL,ELLIS,1566 Woolsley St  ,Unit-776,Chicago,N78AB,12278367000,72266856047,935016287@hortonworks.com,25120766357848
172612299,Male,1976-02-08,BRANDY,TRUDEAU,5876 Avenue Lane,Unit-51,San Francisco,TN2510AB,19433501529,98651358899,904168113@gmail.com,30143197521269
569985575,Male,2002-02-08,MARGERY,WISE,6217 Meredith Cr,Unit-63,Gilbert town,L81AB,7497963893,66255306941,837088135@hortonworks.com,6751270892088
638678151,Female,1994-02-08,JAMES,DIAZ,8250 Barnaby Pl,Unit-421,Phoenix,DN196AB,15431211076,63224368035,195983782@gmail.com,4104107695390
644154108,Female,1964-02-08,CARL,OKELLY,3863 Christopher St,Unit-452,Chicago,BB9410AB,52496634942,87912957169,505018550@gmail.com,8051482613585
69662442,Female,1992-02-08,JACK,WATSON,5545 Don Mills Rd,Unit-520,Tempe,WA112AB,76097328355,76105065690,11504993@hortonworks.com,11841347717743
453932569,Male,1965-02-08,JONATHAN,PEASE,6870 Scarth Rd  ,Unit-134,Seattle,WA881AB,69952656207,53772886800,689199601@gmail.com,955873701797
35066000,Male,1986-02-08,CHERYL,BENDALL,1836 Victoria Ave,Unit-552,Little Rock,M211AB,98583161764,23337805405,486043578@hortonworks.com,547402255531
922286291,Female,1974-02-08,EVERETTE,LENOCH,8356 Water St,Unit-856,Hollywood,DE727AB,49614127701,48639652908,968693132@hortonworks.com,93073877912304
879334400,Female,1961-02-08,DORIS,BALTIMORE,3671 Victoria Lane,Unit-709,Scottsdale,SY40AB,40552853321,1677295223,766183065@hortonworks.com,1059231207443
163161529,Female,1988-02-08,ELMER,MYERS,1938 Edmund St,Unit-249,Thousand Oaks,PH412AB,23882045726,37334913202,465067459@hortonworks.com,12819747483241
555876590,Female,1982-02-08,BARBARA,FUTTERMAN,6796 Aberdeen Ave,Unit-854,New York,BB23AB,49592365199,66115612765,858381025@hortonworks.com,84977767176498
994350378,Male,1944-02-08,PEGGY,MCGIRT,4168 Eastern Pl,Unit-729,New York,GU274AB,68903007589,30001623300,700765229@hortonworks.com,17863999924546
826263589,Male,1963-02-08,LUCILLE,HOWARD,3063 Sully St,Unit-529,New York,AL53AB,88511888967,60943259446,372102534@gmail.com,19648543325692
967410761,Male,1993-02-08,LEAH,CAMPUSANO,4676 Armour St,Unit-493,Bakersfield,WN73AB,89238503113,56467802624,102002703@gmail.com,73306547690016
490597275,Female,2011-02-08,BRIAN,TORELL,2537 Chestnut Pl,Unit-798,Amarillo,DT31AB,62836812526,47856426810,657485053@gmail.com,7367086616465
419691503,Female,1979-02-08,RITA,NIXON,8995 Barnaby Pl,Unit-91,Boston,SA118AB,41327204532,23638993937,646200066@hortonworks.com,3089749732177
760619237,Female,1977-02-08,CORDELL,IENG,5806 Blevins St,Unit-427,Santa Rosa,CH451AB,46732129733,11669402008,837534452@hortonworks.com,29673445429976
43212476,Female,1990-02-08,KATHLEEN,GRAHAM,9096 Cawthra Ave,Unit-73,Dallas,IP278AB,32372038611,82011811507,153943158@gmail.com,37114407939970
902349718,Male,2011-02-08,MARY,GRAHAM,1479 Gildersleeve Pl,Unit-884,McKinney,MK168AB,50601157731,57762918203,234852256@hortonworks.com,20065245571196
476049828,Male,2010-02-08,ALICE,SMITH,6601 Sydenham St,Unit-232,Reno,SS113AB,33694677928,45734632908,725476341@gmail.com,4059053459245
64776628,Male,2001-02-08,ANDREA,OGDEN,3878 MacDonald St,Unit-685,Wichita,SO408AB,84211946959,24436721314,692894250@gmail.com,73956194655805
410176286,Male,1968-02-08,PEGGY,HEMBREY,3709 Terauley St,Unit-918,Lakewood,OL146AB,69392364369,51131509451,821726751@hortonworks.com,19902247896066
876754639,Male,1964-02-08,WILLIE,ARSENEAULT,5931 Wilton Cr,Unit-560,New York,DE34AB,72583348876,75315392889,291760208@hortonworks.com,34781108879911
72126539,Female,1996-02-08,CAROLE,DOBSON,6802 Chamberlain Ave,Unit-940,New York,CH703AB,43952161018,70574372473,489859635@gmail.com,22148034402839
68334353,Female,1960-02-08,PEGGY,ANGERON,2260 Barnaby Pl,Unit-961,Philadelphia,SA319AB,59246096365,21972894106,958515062@hortonworks.com,98626671172571
116997699,Male,1988-02-08,FRANK,DOUET,7761 Price Lane,Unit-546,Pembroke Pines,CA22AB,20747567038,31228724906,233365069@hortonworks.com,99754583647238
20921558,Male,2010-02-08,BRADLEY,PARR,7454 Lansdowne Ave,Unit-394,San Antonio,KT98AB,59293751841,26447905918,472041020@gmail.com,23261687731138
804754841,Female,2012-02-08,DIANA,GALLEGLY,7961 Allen Ave,Unit-988,New York,BN448AB,21352457749,88967439870,26675859@gmail.com,68765859663953
342966550,Male,1992-02-08,ALAN,HENDRICKS,4555 Allen Ave,Unit-89,Durham,SE1810AB,50288498050,33985003223,362421245@hortonworks.com,57870221939406
679191617,Female,2012-02-08,TRAVIS,ARROLIGA,9978 Davies Ave,Unit-167,Fremont,DY24AB,95497554900,73938043370,974316712@gmail.com,4364642589250
212463544,Male,2003-02-08,MARIA,FREEMAN,8721 Hurst Pl,Unit-497,Clearwater,SY144AB,87936806566,85796747762,204854625@gmail.com,4348814668578
529195954,Female,2009-02-08,TERRY,ALMARAZ,1979 Follis Ave,Unit-864,Dallas,GL95AB,11694112138,91818224026,114584697@hortonworks.com,54319519278340
9061155,Male,1991-02-08,PHILLIP,VANBOVEN,1103 Avenue St,Unit-122,New York,PR48AB,42701058979,61861395670,808101780@hortonworks.com,34142547961044
764450828,Male,1972-02-08,KATHYRN,POWELL,9806 McKenzie Ave,Unit-44,Eugene,PA104AB,18691156753,28434738075,867760813@gmail.com,58908038805559
598636961,Female,2001-02-08,KAREN,GRAJEK,7892 Sproatt Ave,Unit-189,Los Angeles,CA1010AB,69165135786,39531633132,797462394@gmail.com,88694421096964
161660113,Male,1991-02-08,STEVEN,RANSON,1776 University Ave  ,Unit-756,Boston,CA45AB,27503751413,78534952333,628853037@hortonworks.com,2178797847372
930267145,Female,1989-02-08,ANASTACIA,EDWARDS,9593 Anderson Lane,Unit-632,Shreveport,SA418AB,88239357970,68489026693,92283718@gmail.com,83384494043679
129729509,Female,2010-02-08,DALLAS,RUSSELL,1146 Simcoe Tr,Unit-100,Irving,SP112AB,64169399642,77795193188,4870396@hortonworks.com,6968984948171
84526212,Male,1980-02-08,MATTHEW,PHILLIPS,5469 Victoria Lane,Unit-926,San Antonio,SS83AB,23636166277,59739252295,778000415@hortonworks.com,95082053287918
995552557,Female,1982-02-08,WILLIAM,WHITEHEAD,1296 Rose Ave,Unit-787,Dallas,DL59AB,43268154012,90624057273,196628422@gmail.com,87640988668903
199261786,Male,2004-02-08,DARRELL,WAHLSTROM,8187 Campbell St,Unit-249,Jacksonville,AB568AB,31384993190,92903308340,872705603@gmail.com,5237001050826
807951715,Female,1970-02-08,JANE,PEDRIN,8598 Cawthra Ave,Unit-776,New York,YO137AB,12126922523,69629969499,25085876@hortonworks.com,18427282618500
635833486,Male,1990-02-08,JOLENE,SOVERNS,3668 Hallam St,Unit-467,Richmond,RG121AB,73321302594,37419314897,488253066@hortonworks.com,7453502885808
162124532,Female,2012-02-08,ADELAIDA,DEMARA,7985 Smith St,Unit-495,Hartford,LS54AB,15664789175,70113984404,102212508@hortonworks.com,189584368126
233392878,Male,1976-02-08,CORRINE,BOVEJA,1123 Louise St,Unit-464,Ann Arbor,CA236AB,60911462141,90154054033,885890929@hortonworks.com,3825583659176
543644880,Female,2010-02-08,LATONYA,BONNETTE,6205 Price Lane,Unit-142,Corpus Christi,BT399AB,31995097241,69719102619,646388428@gmail.com,92305595248232
420593506,Female,1991-02-08,ALVIN,MILLER,8282 Gordon Ave,Unit-294,New York,B151AB,63787503309,28933186279,926426332@hortonworks.com,72334607913616
691569283,Male,1949-02-08,ANDREA,MASSO,7786 Beau St,Unit-570,Detroit,PL171AB,28754963586,43062361259,442334400@gmail.com,40990326028432
662361002,Male,1971-02-08,SANDRA,DAHLBERG,6836 Walter St,Unit-671,Los Angeles,M508AB,86336784152,95922158234,414921553@hortonworks.com,80126472614462
480798310,Male,1987-02-08,JAN,SHORR,8684 Chestnut Pl,Unit-253,New York,G524AB,90043177249,41532453666,445573532@gmail.com,74724701480179
415013273,Male,1979-02-08,EDITH,PARKER,3048 Gwynne St,Unit-286,New York,BN92AB,11351479755,61204936293,839921319@hortonworks.com,49874212278789
824943052,Female,1950-02-08,KATHLEEN,CLUFF,2630 Clyde St,Unit-834,Memphis,DG69AB,64202739597,28092469335,531424220@gmail.com,19793534822269
850360766,Female,1970-02-08,JOHN,BURDICK,8579 Gerrard St E,Unit-463,Austin,NN76AB,39322965370,16383271515,7211220@hortonworks.com,32878984487312
97946680,Female,1989-02-08,SAM,SCHOECK,5175 Empress Cr,Unit-757,Washington,LE553AB,82145846934,17208982467,888524293@gmail.com,21764063049141
850036812,Male,1927-02-08,ETTA,SZWAJA,6506 Eastern Ave ,Unit-640,New York,IM91AB,73426217264,48324936233,68107656@gmail.com,92374241779102
575511073,Male,1971-02-08,STEVE,BREWER,425 Pullan Pl,Unit-478,Garden Grove,M434AB,96516298323,69845444164,556886456@gmail.com,10961476142004
76918048,Female,1942-02-08,PATRICK,LANGLO,7528 Allen Ave,Unit-182,Buffalo,CV109AB,2438846247,42881318129,442278821@gmail.com,73102803929113
395978532,Male,1955-02-08,GLEN,PRESSLEY,5475 Monck St,Unit-758,Baltimore,B657AB,91464163586,93511843247,610484952@gmail.com,63647471162765
469514918,Female,1958-02-08,MARK,TAYLOR,1374 Battye Ave,Unit-37,San Diego,PA120AB,16162458907,68825964604,135096979@hortonworks.com,41596922608518
540518568,Female,1988-02-08,RICK,BELL,7543 Kingsford Ave,Unit-542,Lincoln,NE218AB,13207946510,97479587123,484373443@gmail.com,8901966230780
122592248,Male,1986-02-08,DARREN,AYELE,8403 University Ave  ,Unit-707,Savannah,IM99AB,49545481534,91708906072,949522027@gmail.com,47161633427866
333769768,Female,2002-02-08,SHARON,KUTZNER,8784 Howard Park Ave,Unit-916,Los Angeles,B495AB,71189088243,52891782821,946334282@hortonworks.com,31207959382405
280719905,Male,1984-02-08,RODRIGO,RICKETTS,6405 Pape Ave,Unit-68,Chicago,CM141AB,28469151738,67911759539,92516298@hortonworks.com,5356112363043
962386744,Female,2012-02-08,SYLVIA,CHHON,3819 Bismark Ave,Unit-649,Houston,JE38AB,60043815892,81931977818,213058797@hortonworks.com,18739437313375
720353530,Male,1995-02-08,BRIAN,WHIDBY,7584 Avenue Lane,Unit-508,New York,PA625AB,44294062769,68798659657,675990585@hortonworks.com,91408267564051
514942150,Male,1982-02-08,SEAN,WATERS,4941 Blevins St,Unit-814,Columbus,N68AB,52227481306,94336091289,710859066@gmail.com,7352569003981
552185349,Female,1994-02-08,JUDITH,WALKER,757 Pullan Pl,Unit-905,New York,M80AB,60909805527,84748081517,612281479@gmail.com,81257253546593
40233789,Male,2001-02-08,DELFINA,BEANE,32 Hill St,Unit-992,Philadelphia,G606AB,11286135065,75722755143,980910796@gmail.com,70279809227065
102585067,Male,1989-02-08,BRYAN,EARLY,3723 Hurst Pl,Unit-937,Los Angeles,B158AB,19586243267,59544354580,404159857@hortonworks.com,77399422766481
124846790,Female,1996-02-08,ALPHONSE,SALVADOR,8163 Ancroft Pl,Unit-561,New York,HP23AB,75966356553,79846905233,229027515@hortonworks.com,3527286938835
63470833,Male,1943-02-08,ALISON,FONDA,854 Steiner St,Unit-218,San Diego,NE684AB,89716884006,46336402732,329370702@hortonworks.com,82362079576845
491720868,Male,2012-02-08,THOMAS,KOCH,7899 Munn's Lane,Unit-563,Charlotte,TD93AB,64857993847,83791762608,19965942@hortonworks.com,56975283552479
412960291,Female,2004-02-08,STANLEY,CAULKINS,860 Clarence,Unit-774,Louisville/Jefferson County (balance),MK146AB,15047065614,43521245487,519704166@gmail.com,82110599568164
116472654,Male,1973-02-08,THOMAS,NUNES,3291 Battye Ave,Unit-654,New York,ME136AB,51915232264,79514113401,616262692@gmail.com,61181806094598
603951699,Female,1986-02-08,WANDA,PENA,9757 Ketchum Ave,Unit-347,Rochester,KY37AB,57732108610,36309845302,434597845@gmail.com,51953533291103
364423117,Female,1993-02-08,CARMEN,BALLIET,2568 Cawthra Ave,Unit-637,Austin,LU34AB,62565551473,84667832343,461602235@gmail.com,9988926244459
523685136,Male,2010-02-08,SUZANNE,BEREZNY,4038 Steiner St,Unit-28,Orlando,G432AB,26262951651,34207536045,229270314@hortonworks.com,83150917362164
647080050,Male,1992-02-08,DAVID,KREIDER,4525 Sydenham St,Unit-81,Gilbert town,SA382AB,40516903316,43448754912,308715983@hortonworks.com,78234398256043
721833786,Female,1975-02-08,ALICIA,DONNA,9024 Dunedin Ave,Unit-727,Knoxville,B723AB,28525794712,14181867584,517385956@hortonworks.com,80225627952153
97225643,Male,1959-02-08,GRACE,CHAMBERLIN,7602 Crescent Rd,Unit-509,Phoenix,E71AB,35342909326,82574253124,491812749@gmail.com,36661146762922
408775288,Male,1985-02-08,JOSEPH,SCHATZ,7424 Belford St,Unit-975,Mesa,E101AB,81296374969,4373451511,28250948@hortonworks.com,78977951657455
764959130,Male,1970-02-08,SHELIA,EAGY,6666 Beachell St,Unit-686,San Francisco,NE994AB,60736197818,72261519940,843540468@hortonworks.com,60536789465944
723093183,Male,1993-02-08,ROBERT,WHITAKER,3080 Broadview Ave,Unit-553,New York,NR277AB,44971053683,25597323000,658540654@gmail.com,35203238754125
831944517,Male,2003-02-08,RICHARD,MCCLOSKEY,2477 Parkman Ave,Unit-472,Houston,N167AB,73444186065,42303857323,756479008@hortonworks.com,35471159703720
768458424,Female,1956-02-08,JEFFERY,EDELSTEIN,4915 Baldwin St,Unit-460,Chicago,LL366AB,42092705897,72661123796,418558075@hortonworks.com,34112623834787
345913385,Female,1968-02-08,VIRGINIA,BORBRIDGE,8857 Hurst Pl,Unit-773,Charlotte,B726AB,22907094715,32532032912,889164448@gmail.com,98338947905941
920640971,Male,1972-02-08,CEDRIC,LOIKO,6074 Parkman Ave,Unit-706,Fayetteville,TA171AB,73643657553,62996021345,773023656@hortonworks.com,70456988828352
974872772,Male,1984-02-08,ROBERT,ELLIS,2562 Duchess St,Unit-56,New York,PL148AB,21668468729,22634033453,16644421@hortonworks.com,34005228929493
90311465,Female,1945-02-08,MARIA,PITKA,3259 Central Row,Unit-442,San Diego,WA155AB,30986618995,24724579038,876396401@hortonworks.com,49353953402541
279768137,Male,1940-02-08,SANDRA,DAVIES,824 South Dr  ,Unit-966,Detroit,IP115AB,86358028510,62933048200,525564834@gmail.com,67753964277394
133312972,Male,1955-02-08,JEAN,DILCHAND,1256 Howard Park Ave,Unit-920,Dallas,SW113AB,53534715907,12838862613,202726093@gmail.com,57818057749227
8251397,Male,1961-02-08,ELIZABETH,TENER,1620 Simcoe Tr,Unit-507,Memphis,BT10AB,99541926234,34807642578,53787752@hortonworks.com,3419814200535
837462819,Male,1972-02-08,CHRIS,ABBOTT,7667 Sully St,Unit-786,New York,YO232AB,82126953041,46518007668,70036885@hortonworks.com,56993992752588
90654043,Female,1953-02-08,GWENDOLYN,HOUGLAND,1611 Walker Lane,Unit-317,Seattle,KT173AB,42145362373,49135238315,774540561@hortonworks.com,57222894682245
435084492,Male,2011-02-08,FREDDIE,GRUPA,2831 Victoria Lane,Unit-205,Paterson,LU64AB,58095278969,99996353316,559242046@hortonworks.com,45093052540066
551965336,Male,2005-02-08,KATHY,DAMONE,6791 Center Rd,Unit-521,New York,BT627AB,46612617411,26103853830,825096488@gmail.com,37306774305652
693969628,Male,1918-02-08,ROBERT,DOLLINS,9934 Walnut Ave  ,Unit-314,San Antonio,N222AB,18016953521,92317626977,327590074@hortonworks.com,41032634416151
703615581,Female,1984-02-08,HENRY,REED,827 Lindsay Ave,Unit-665,Chicago,NW52AB,20809423760,22237304600,379986096@gmail.com,18979576003876
153410070,Male,2011-02-08,WILLIAM,BOATMAN,332 Franklin St,Unit-517,Orlando,IP510AB,34197462922,30559745294,816641918@hortonworks.com,38778851178965
674664480,Female,1993-02-08,LAURYN,VALENCIA,6087 Louise St,Unit-232,Philadelphia,AL55AB,92562762870,88268552753,868740379@hortonworks.com,65658168693019
317720013,Male,1964-02-08,MARIA,RICHARD,9047 Walker Lane,Unit-98,Chicago,L684AB,50875907623,13775606188,354779598@hortonworks.com,8239242819665
221794556,Male,1947-02-08,JUDY,BURNETTE,2382 Avenue St,Unit-243,New York,SK233AB,25013002529,52006494223,838164793@gmail.com,45515513787972
119188221,Male,1985-02-08,ARTURO,MCGUINNES,5482 Cummings St,Unit-680,Birmingham,IP314AB,66077647829,28554597042,654245924@hortonworks.com,11777438604659
45579668,Female,2000-02-08,AMIE,REINSVOLD,8377 Agnes St,Unit-438,Los Angeles,CA289AB,52503479367,91031013899,959144783@gmail.com,93831131601040
150010322,Male,1993-02-08,THOMAS,PACAPAC,4306 Avenue St,Unit-5,Philadelphia,SG93AB,91932001723,74709924022,202715577@hortonworks.com,29133466540632
271538589,Female,1989-02-08,SALLY,ROMM,729 Christopher St,Unit-538,Salt Lake City,WF151AB,87342351550,54581436869,677982380@hortonworks.com,71044682623373
164951185,Female,1993-02-08,JACOB,FELICO,1559 Edmund St,Unit-556,Dallas,BB97AB,64302201379,70956857525,49397465@hortonworks.com,36110705222384
796743678,Female,1989-02-08,MARIA,PERRY,5883 Follis Ave,Unit-90,Chicago,IV218AB,47142006670,40623154439,12264166@gmail.com,66512708689210
352287372,Male,1991-02-08,ROBERT,TUBBS,934 Symes Pl,Unit-497,New York,SR80AB,89136501380,90806658767,485668138@gmail.com,91668233063483
360684617,Male,1932-02-08,MICHAEL,DANLEY,9603 Smith St,Unit-398,Los Angeles,HU14AB,52966759828,77927729383,991260414@gmail.com,97968409022940
874679672,Female,1967-02-08,VICKI,STANKAITIS,5263 Center Dr,Unit-465,Tacoma,SS49AB,79779215121,78361452497,120236636@hortonworks.com,40635407909733
482587230,Male,1989-02-08,WENDY,SUDDETH,9164 Edmund St,Unit-25,Raleigh,BN76AB,48031546921,63241193827,240855514@gmail.com,56684686168972
180125703,Male,2011-02-08,CHRISTINA,LEE,8196 Pape Ave,Unit-673,Hollywood,AB153AB,31056583820,94384848463,848840662@gmail.com,62976396035441
379467386,Male,2000-02-08,CHERYL,KOLASINSKI,3264 Simcoe Tr,Unit-391,Charlotte,WR64AB,87344188111,35935796236,213009652@hortonworks.com,48340166804414
581842607,Male,1954-02-08,LISA,HUSSMAN,1079 Czar St,Unit-860,Dallas,WC2B1AB,42652553209,42263383316,218473647@hortonworks.com,93757863522518
493259972,Male,2008-02-08,MARTHA,BRAYMILLER,4614 Empress Cr,Unit-944,Los Angeles,NG9010AB,47763426504,13569903139,559751740@hortonworks.com,79588462434576
607729813,Male,2002-02-08,CALVIN,KELTY,16 Sully St,Unit-565,Knoxville,CH603AB,20919452932,24163837886,686143479@hortonworks.com,63819695022373
53802950,Female,2001-02-08,LINDA,PIERONI,234 Gerrard St E,Unit-415,New York,ST123AB,89935457011,17741416164,151703563@gmail.com,40330484971271
619561879,Male,2003-02-08,BETTY,SILVESTRE,8143 Rose Ave,Unit-241,Philadelphia,BT278AB,26338523637,77261288269,272162200@hortonworks.com,11148924900629
